Customer Id,First Name,Last Name,Company,City,Country,Phone 1,Phone 2,Email,Subscription Date,Website,phone 1
,Sheryl,Baxter,Rasmussen Group,East Leonard,Chile,229.077.5154,3978840519718,zunigavanessa@smith.info,2020-08-24,http://www.stephenson.com/,2290775154
,Preston,Lozano,Vega-Gentry,East Jimmychester,Djibouti,5153435776,6866201820944,vmata@colon.com,2021-04-23,http://www.hobbs.com/,5153435776
,Roy,Berry,Murillo-Perry,Isabelborough,Antigua And Barbuda,+1-539-402-0259,496978396958947,beckycarr@hogan.com,2020-03-25,http://www.lawrence.com/,15394020259
,Linda,Olsen,"Dominguez, Mcmillan and Donovan",Bensonview,Dominican Republic,001-808-617-6467x12895,18133248756,stanleyblackwell@benson.org,2020-06-02,http://www.good-lyons.com/,001808617646712895
,Joanna,Bender,"Martin, Lang and Andrade",West Priscilla,Slovakia (Slovak Republic),001-234-203-0635x76146,00119944638603486,colinalvarado@miles.net,2021-04-17,https://goodwin-ingram.com/,001234203063576146
,Aimee,Downs,Steele Group,Chavezborough,Bosnia And Herzegovina,(283)437-3886x88321,9997281637,louis27@gilbert.com,2020-02-25,http://www.berger.net/,283437388688321
,Darren,Peck,"Lester, Woodard and Mitchell",Lake Ana,Pitcairn Islands,(496)452-6181x3291,124726609634995,tgates@cantrell.com,2021-08-24,https://www.le.com/,49645261813291
,Brett,Mullen,"Sanford, Davenport and Giles",Kimport,Bulgaria,001-583-352-7197x297,0013331450369,asnow@colon.com,2021-04-12,https://hammond-ramsey.com/,0015833527197297
,Sheryl,Meyers,Browning-Simon,Robersonstad,Cyprus,854-138-4911x5772,14489102276729,mariokhan@ryan-pope.org,2020-01-13,https://www.bullock.net/,85413849115772
,Michelle,Gallagher,Beck-Hendrix,Elaineberg,Timor-Leste,739.218.2516x459,0010544010347617,mdyer@escobar.net,2021-11-08,https://arias.com/,7392182516459
,Carl,Schroeder,"Oconnell, Meza and Everett",Shannonville,Guernsey,637-854-0256x825,1143360784788,kirksalas@webb.com,2021-10-20,https://simmons-hurley.com/,6378540256825
,Jenna,Dodson,"Hoffman, Reed and Mcclain",East Andrea,Vietnam,(041)737-3846,1556888348542608,mark42@robbins.com,2020-11-29,http://www.douglas.net/,0417373846
,Tracey,Mata,Graham-Francis,South Joannamouth,Togo,001-949-844-8787,8557138773,alex56@walls.org,2021-12-02,http://www.beck.com/,0019498448787
,Kristine,Cox,Carpenter-Cook,Jodyberg,Sri Lanka,786-284-3358x62152,131562717968074,holdenmiranda@clarke.com,2021-02-08,https://www.brandt.com/,786284335862152
,Faith,Lutz,Carter-Hancock,Burchbury,Singapore,(781)861-7180x8306,2071853665,cassieparrish@blevins-chapman.net,2022-01-26,http://stevenson.org/,78186171808306
,Miranda,Beasley,Singleton and Sons,Desireeshire,Oman,540.085.3135x185,1600462643221881,vduncan@parks-hardy.com,2022-04-12,http://acosta.org/,5400853135185
,Caroline,Foley,Winters-Mendoza,West Adriennestad,Western Sahara,936.222.4746x9924,0014699486341359,holtgwendolyn@watson-davenport.com,2021-03-10,http://www.benson-roth.com/,93622247469924
,Greg,Mata,Valentine LLC,Lake Leslie,Mozambique,(701)087-2415,195156186126241,jaredjuarez@carroll.org,2022-03-26,http://pitts-cherry.com/,7010872415
,Clifford,Jacobson,Simon LLC,Harmonview,South Georgia And The South Sandwich Islands,001-151-330-3524x0469,7484777174,joseph26@jacobson.com,2020-09-24,https://mcconnell.com/,00115133035240469
,Joanna,Kirk,Mays-Mccormick,Jamesshire,French Polynesia,(266)131-7001x711,283312557911543,tuckerangie@salazar.net,2021-09-24,https://www.camacho.net/,2661317001711
,Maxwell,Frye,Patterson Inc,East Carly,Malta,423.262.3059,20288006887491,fgibson@drake-webb.com,2022-01-12,http://www.roberts.com/,4232623059
,Kiara,Houston,"Manning, Hester and Arroyo",South Alvin,Netherlands,001-274-040-3582x10611,152817509734684,blanchardbob@wallace-shannon.com,2020-09-15,https://www.reid-potts.com/,001274040358210611
,Colleen,Howard,Greer and Sons,Brittanyview,Paraguay,1935085151,94711577115488,rsingleton@ryan-cherry.com,2020-08-19,http://paul.biz/,1935085151
,Janet,Valenzuela,Watts-Donaldson,Veronicamouth,Lao People'S Democratic Republic,354.259.5062x7538,5004332022,stefanie71@spence.com,2020-09-08,https://moreno.biz/,35425950627538
,Shane,Wilcox,Tucker LLC,Bryanville,Albania,(429)005-9030x11004,5411164501,mariah88@santos.com,2021-04-06,https://www.ramos.com/,429005903011004
,Marcus,Moody,Giles Ltd,Kaitlyntown,Panama,674-677-8623,9092775485566,donnamullins@norris-barrett.org,2022-05-24,https://www.curry.com/,6746778623
,Dakota,Poole,Simmons Group,Michealshire,Belarus,(371)987-8576x4720,0711521376,stacey67@fields.org,2022-02-20,https://sanford-wilcox.biz/,37198785764720
,Frederick,Harper,"Hinton, Chaney and Stokes",South Marissatown,Switzerland,+1-077-121-1558x0687,2647427149,jacobkhan@bright.biz,2022-05-26,https://callahan.org/,107712115580687
,Stefanie,Fitzpatrick,Santana-Duran,Acevedoville,Saint Vincent And The Grenadines,(752)776-3286,1472021481485074,wterrell@clark.com,2020-07-30,https://meyers.com/,7527763286
,Kent,Bradshaw,Sawyer PLC,North Harold,Tanzania,+1-472-143-5037x884,1269226153,qjimenez@boyd.com,2020-04-26,http://maynard-ho.com/,14721435037884
,Jack,Tate,"Acosta, Petersen and Morrow",West Samuel,Zimbabwe,965-108-4406x20714,04690614426784,gfigueroa@boone-zavala.com,2021-09-15,http://www.hawkins-ramsey.com/,965108440620714
,Tom,Trujillo,Mcgee Group,Cunninghamborough,Denmark,416-338-3758,7758907209,tapiagreg@beard.info,2022-01-13,http://www.daniels-klein.com/,4163383758
,Gabriel,Mejia,Adkins-Salinas,Port Annatown,Liechtenstein,4077245425,646044069666800,coleolson@jennings.net,2021-04-24,https://patel-hanson.info/,4077245425
,Kaitlyn,Santana,Herrera Group,New Kaitlyn,United States Of America,6303643286,447710620207313,georgeross@miles.org,2021-09-21,http://pham.com/,6303643286
,Faith,Moon,"Waters, Chase and Aguilar",West Marthaburgh,Bahamas,+1-586-217-0359x6317,18181991403,willistonya@randolph-baker.com,2021-11-03,https://spencer-charles.info/,158621703596317
,Tammie,Haley,"Palmer, Barnes and Houston",East Teresa,Belize,001-276-734-4113x6087,4303008770,harrisisaiah@jenkins.com,2022-01-04,http://evans-simon.com/,00127673441136087
,Nicholas,Sosa,Jordan Ltd,South Hunter,Uruguay,(661)425-6042,9759981519,fwolfe@dorsey.com,2021-08-10,https://www.fleming-richards.com/,6614256042
,Jordan,Gay,Glover and Sons,South Walter,Solomon Islands,7208417020,8035336772,tiffanydavies@harris-mcfarland.org,2021-02-24,http://www.lee.org/,7208417020
,Bruce,Esparza,Huerta-Mclean,Poolefurt,Montenegro,559-529-4424,00162500071320367,preese@frye-vega.com,2021-10-22,http://www.farley.org/,5595294424
,Sherry,Garza,Anderson Ltd,West John,Poland,001-067-713-6440x158,97828987855766,ann48@miller.com,2021-11-01,http://spence.com/,0010677136440158
,Natalie,Gentry,Monroe PLC,West Darius,Dominican Republic,830.996.8238,4991225415,tcummings@fitzpatrick-ashley.com,2020-10-10,http://www.dorsey.biz/,8309968238
,Bryan,Dunn,Kaufman and Sons,North Jimstad,Burkina Faso,001-710-802-5565,078699898213881,woodwardandres@phelps.com,2021-09-08,http://www.butler.com/,0017108025565
,Wayne,Simpson,Perkins-Trevino,East Rebekahborough,Bolivia,(344)156-8632x1869,463445370238463,barbarapittman@holder.com,2020-12-13,https://gillespie-holder.com/,34415686321869
,Luis,Greer,Cross PLC,North Drew,Bulgaria,001-336-025-6849x701,68469829116092,bstuart@williamson-mcclure.com,2022-05-15,https://fletcher-nielsen.com/,0013360256849701
,Rhonda,Frost,"Herrera, Shepherd and Underwood",Lake Lindaburgh,Monaco,(127)081-9339,143102833373492,zkrueger@wolf-chavez.net,2021-12-06,http://www.khan.com/,1270819339
,Joanne,Montes,"Price, Sexton and Mcdaniel",Gwendolynview,Palau,(897)726-7952,46788694675721,juan80@henson.net,2020-07-01,http://ochoa.com/,8977267952
,Geoffrey,Guzman,Short-Wiggins,Zimmermanland,Uzbekistan,975.235.8921x269,9831886873,bauercrystal@gay.com,2020-04-23,https://decker-kline.com/,9752358921269
,Gloria,Mccall,"Brennan, Acosta and Ramos",North Kerriton,Ghana,445-603-6729,00139595947364524,bartlettjenna@zuniga-moss.biz,2022-03-11,http://burgess-frank.com/,4456036729
,Brady,Cohen,Osborne-Erickson,North Eileenville,United Arab Emirates,741.849.0139x524,102869174970894,mccalltyrone@durham-rose.biz,2022-03-10,http://hammond-barron.com/,7418490139524
,Latoya,Mccann,"Hobbs, Garrett and Sanford",Port Sergiofort,Belarus,(530)287-4548x29481,162234024932790,bobhammond@barry.biz,2021-12-02,https://www.burton.com/,530287454829481
,Gerald,Hawkins,"Phelps, Forbes and Koch",New Alberttown,Canada,+1-323-239-1456x96168,0925080269,uwarner@steele-arias.com,2021-03-19,https://valenzuela.com/,1323239145696168
,Samuel,Crawford,"May, Goodwin and Martin",South Jasmine,Algeria,802-242-7457,62611695358578,xpittman@ritter-carney.net,2021-03-27,https://guerrero.org/,8022427457
,Patricia,Goodwin,"Christian, Winters and Ellis",Cowanfort,Swaziland,322.549.7139x70040,1117414173,vaughanchristy@lara.biz,2021-03-08,http://clark.info/,322549713970040
,Stacie,Richard,Byrd Inc,New Deborah,Madagascar,001-622-948-3641x24810,00173116828938891,clinton85@colon-arias.org,2020-10-15,https://kim.com/,001622948364124810
,Robin,West,"Nixon, Blackwell and Sosa",Wallstown,Ecuador,698.303.4267,0016838377651525,greenemiranda@zimmerman.com,2022-01-13,https://www.mora.com/,6983034267
,Ralph,Haas,Montes PLC,Lake Ellenchester,Palestinian Territory,2239271999,0019624340867649,goodmancesar@figueroa.biz,2020-05-25,http://may.com/,2239271999
,Phyllis,Maldonado,Costa PLC,Lake Whitney,Saint Barthelemy,4500370767,0015080646725017,yhanson@warner-diaz.org,2021-01-25,http://www.bernard.com/,4500370767
,Danny,Parrish,Novak LLC,East Jaredbury,United Arab Emirates,(669)384-8597x8794,5067315952571,howelldarren@house-cohen.com,2021-03-17,http://www.parsons-hudson.com/,66938485978794
,Kathy,Hill,"Moore, Mccoy and Glass",Selenabury,South Georgia And The South Sandwich Islands,001-171-716-2175x310,8886250654,ncamacho@boone-simmons.org,2020-11-15,http://hayden.com/,0011717162175310
,Kelli,Hardy,Petty Ltd,Huangfort,Sao Tome And Principe,020.324.2191x2022,4241578216,kristopher62@oliver.com,2020-12-20,http://www.kidd.com/,02032421912022
,Lynn,Pham,"Brennan, Camacho and Tapia",East Pennyshire,Portugal,846.468.6834x611,0012486910006,mpham@rios-guzman.com,2020-08-21,https://www.murphy.com/,8464686834611
,Shelley,Harris,"Prince, Malone and Pugh",Port Jasminborough,Togo,423.098.0315x8373,1386458894415194,zachary96@mitchell-bryant.org,2020-12-10,https://www.ryan.com/,42309803158373
,Eddie,Jimenez,Caldwell Group,West Kristine,Ethiopia,+1-235-657-1073x6306,02640173532417,kristiwhitney@bernard.com,2022-03-24,http://cherry.com/,123565710736306
,Chloe,Hutchinson,Simon LLC,South Julia,Netherlands,981-544-9452,12885524666060,leah85@sutton-terrell.com,2022-05-15,https://mitchell.info/,9815449452
,Eileen,Lynch,"Knight, Abbott and Hubbard",Helenborough,Liberia,+1-158-951-4131x53578,0016737796713680,levigiles@vincent.com,2021-01-02,http://mckay.com/,1158951413153578
,Fernando,Lambert,Church-Banks,Lake Nancy,Lithuania,497.829.9038,3863743398,fisherlinda@schaefer.net,2021-04-23,https://www.vang.com/,4978299038
,Makayla,Cannon,Henderson Inc,Georgeport,New Caledonia,001-215-801-6392x46009,0276096460,scottcurtis@hurley.biz,2020-01-20,http://www.velazquez.net/,001215801639246009
,Tom,Alvarado,Donaldson-Dougherty,South Sophiaberg,Kiribati,(585)606-2980x2258,73079735945614,nicholsonnina@montgomery.info,2020-08-18,http://odom-massey.com/,58560629802258
,Virginia,Dudley,Warren Ltd,Hartbury,French Southern Territories,027.846.3705x14184,143917118464636,zvalencia@phelps.com,2021-01-31,http://hunter-esparza.com/,027846370514184
,Riley,Good,Wade PLC,Erikaville,Canada,6977745822,8554367641,alex06@galloway.com,2020-02-03,http://conway.org/,6977745822
,Alexandria,Buck,Keller-Coffey,Nicolasfort,Iran,078-900-4760x76668,414112870068751,lee48@manning.com,2021-02-20,https://ramsey.org/,078900476076668
,Richard,Roth,Conway-Mcbride,New Jasmineshire,Morocco,581-440-6539,9857827463,aharper@maddox-townsend.org,2020-02-23,https://www.brooks.com/,5814406539
,Candice,Keller,Huynh and Sons,East Summerstad,Zimbabwe,001-927-965-8550x92406,001243038427153076,buckleycory@odonnell.net,2020-08-22,https://www.lucero.com/,001927965855092406
,Anita,Benson,Parrish Ltd,Skinnerport,Russian Federation,874.617.5668x69878,39982064180071,angie04@oconnell.com,2020-02-09,http://oconnor.com/,874617566869878
,Regina,Stein,Guzman-Brown,Raystad,Solomon Islands,001-469-848-0724x4407,001085360442600357,zrosario@rojas-hardin.net,2022-01-15,http://www.johnston.info/,00146984807244407
,Debra,Riddle,"Chang, Aguirre and Leblanc",Colinhaven,United States Virgin Islands,+1-768-182-6014x14336,3039614491,shieldskerry@robles.com,2020-07-11,http://kaiser.info/,1768182601414336
,Brittany,Zuniga,Mason-Hester,West Reginald,Kyrgyz Republic,(050)136-9025,00148085124960157,mchandler@cochran-huerta.org,2021-07-24,http://www.boyle.com/,0501369025
,Cassidy,Mcmahon,"Mcguire, Huynh and Hopkins",Lake Sherryborough,Myanmar,5040771311,68468200211326,katrinalane@fitzgerald.com,2020-10-21,https://hurst.com/,5040771311
,Laurie,Pennington,"Sanchez, Marsh and Hale",Port Katherineville,Dominica,007.155.3406x553,18098625566277,cookejill@powell.com,2020-06-08,http://www.hebert.com/,0071553406553
,Alejandro,Blair,"Combs, Waller and Durham",Thomasland,Iceland,(690)068-4641x51468,55550986912329,elizabethbarr@ewing.com,2020-09-19,https://mercado-blevins.com/,690068464151468
,Leslie,Jennings,Blankenship-Arias,Coreybury,Micronesia,629.198.6346,0752560829,corey75@wiggins.com,2021-11-13,https://www.juarez.com/,6291986346
,Kathleen,Mckay,"Coffey, Lamb and Johnson",Lake Janiceton,Saint Vincent And The Grenadines,(733)910-9968,69124741280665,chloelester@higgins-wilkinson.com,2021-09-12,http://www.owens-mooney.com/,7339109968
,Hunter,Moreno,Fitzpatrick-Lawrence,East Clinton,Isle Of Man,(733)833-6754,0017610137121,isaac26@benton-finley.com,2020-12-28,http://walls.info/,7338336754
,Chad,Davidson,Garcia-Jimenez,South Joshuashire,Oman,8275702958,8048424715,justinwalters@jimenez.com,2021-11-15,http://www.garner-oliver.com/,8275702958
,Corey,Holt,"Mcdonald, Bird and Ramirez",New Glenda,Fiji,001-439-242-4986x7918,3162708934,maurice46@morgan.com,2020-02-18,http://www.watson.com/,00143924249867918
,Emma,Cunningham,Stephens Inc,North Jillianview,New Zealand,128-059-0206x60217,31216445452284,walter83@juarez.org,2022-05-13,http://www.reid.info/,128059020660217
,Duane,Woods,Montoya-Miller,Lyonsberg,Maldives,(636)544-7783x7288,20328710035932,kmercer@wagner.com,2020-07-21,http://murray.org/,63654477837288
,Alison,Vargas,"Vaughn, Watts and Leach",East Cristinabury,Benin,365-273-8144,05330876536287,vcantu@norton.com,2020-11-10,http://mason.info/,3652738144
,Vernon,Kane,Carter-Strickland,Thomasfurt,Yemen,114-854-1159x555,4996084612,hilljesse@barrett.info,2021-04-15,http://www.duffy-hensley.net/,1148541159555
,Lori,Flowers,Decker-Mcknight,North Joeburgh,Namibia,679.415.1210,94584236594581,tyrone77@valenzuela.info,2021-01-09,http://www.deleon-crosby.com/,6794151210
,Nina,Chavez,Byrd-Campbell,Cassidychester,Bhutan,053-344-3205,13309205422571,elliserica@frank.com,2020-03-26,https://www.pugh.com/,0533443205
,Shane,Foley,Rocha-Hart,South Dannymouth,Hungary,+1-822-569-0302,001626114584455073,nsteele@sparks.com,2021-07-06,https://www.holt-sparks.com/,18225690302
,Collin,Ayers,Lamb-Peterson,South Lonnie,Anguilla,404-645-5351x012,00125758288508516,dudleyemily@gonzales.biz,2021-06-29,http://www.ruiz.com/,4046455351012
,Sherry,Young,"Lee, Lucero and Johnson",Frankchester,Solomon Islands,158-687-1764,4383756207003,alan79@gates-mclaughlin.com,2021-04-04,https://travis.net/,1586871764
,Darrell,Douglas,"Newton, Petersen and Mathis",Daisyborough,Mali,001-084-845-9524x1777,0017695646303,grayjean@lowery-good.com,2022-02-17,https://banks.biz/,00108484595241777
,Karl,Greer,Carey LLC,East Richard,Guyana,(188)169-1674x58692,0018412933519614,hhart@jensen.com,2022-01-30,http://hayes-perez.com/,188169167458692
,Lynn,Atkinson,"Ware, Burns and Oneal",New Bradview,Sri Lanka,+1-846-706-2218,6054133198,vkemp@ferrell.com,2021-07-10,https://novak-allison.com/,18467062218
,Fred,Guerra,Schmitt-Jones,Ortegaland,Solomon Islands,+1-753-067-8419x7170,1632666750792121,swagner@kane.org,2021-09-18,https://www.ross.com/,175306784197170
,Yvonne,Farmer,Fitzgerald-Harrell,Lake Elijahview,Aruba,(530)311-9786,001869452094312424,mccarthystephen@horn-green.biz,2021-08-11,http://watkins.info/,5303119786
,Clarence,Haynes,"Le, Nash and Cross",Judymouth,Honduras,(753)813-6941,7836391472,colleen91@faulkner.biz,2020-03-11,http://www.hatfield-saunders.net/,7538136941
