record_id,user_id,first_name,last_name,gender,email,phone,date_of_birth,job_title
1,88F7B33d2bcf9f5,shelby,terrell,Male,elijah57@example.net,001-084-906-7849x73518,1945-10-26,games developer
2,f90cD3E76f1A9b9,phillip,summers,Female,bethany14@example.com,214.112.6044x4913,1910-03-24,phytotherapist
3,DbeAb8CcdfeFC2c,kristine,travis,Male,bthompson@example.com,277.609.7938,1992-07-02,homeopath
4,A31Bee3c201ef58,yesenia,martinez,Male,kaitlinkaiser@example.com,584.094.6111,2017-08-03,market researcher
5,1bA7A3dc874da3c,lori,todd,Male,buchananmanuel@example.net,689-207-3558x7233,1938-12-01,veterinary surgeon
6,bfDD7CDEF5D865B,erin,day,Male,tconner@example.org,001-171-649-9856x5553,2015-10-28,waste management officer
7,bE9EEf34cB72AF7,katherine,buck,Female,conniecowan@example.com,+1-773-151-6685x49162,1989-01-22,intelligence analyst
8,2EFC6A4e77FaEaC,ricardo,hinton,Male,wyattbishop@example.com,001-447-699-7998x88612,1924-03-26,hydrogeologist
9,baDcC4DeefD8dEB,dave,farrell,Male,nmccann@example.net,603-428-2429x27392,2018-10-06,lawyer
10,8e4FB470FE19bF0,isaiah,downs,Male,virginiaterrell@example.org,+1-511-372-1544x8206,1964-09-20,"engineer, site"
11,BF0BbA03C29Bb3b,sheila,ross,Female,huangcathy@example.com,895.881.4746,2008-03-20,advertising account executive
12,F738c69fB34E62E,stacy,newton,Male,rayleroy@example.org,710.673.3213x80335,1980-10-20,warden/ranger
13,C03fDADdAadAdCe,mandy,blake,Male,jefferynoble@example.org,(992)466-1305x4947,2007-12-08,"scientist, clinical (histocompatibility and immunogenetics)"
14,b759b74BD1dE80d,bridget,nash,Female,mercedes44@example.com,(216)627-8359,2004-06-28,social worker
15,1F0B7D65A00DAF9,crystal,farmer,Male,pmiranda@example.org,+1-024-377-5391,1992-03-09,agricultural consultant
16,50Bb061cB30B461,thomas,knight,Female,braunpriscilla@example.net,+1-360-880-0766,2006-02-18,sport and exercise psychologist
17,D6dbA5308fEC4BC,maurice,rangel,Male,sheenabanks@example.com,(246)187-4969,2004-08-20,secretary/administrator
18,311D775990f066d,frank,meadows,Male,gbrewer@example.org,429.965.3902x4447,2008-09-16,audiological scientist
19,7F7E1BAcb0C9AFf,alvin,paul,Male,gilbertdonaldson@example.com,219.436.0887x07551,1949-05-12,"teacher, adult education"
20,88473e15D5c3cD0,jared,mitchell,Female,jcortez@example.com,+1-958-849-6781,1921-01-18,paediatric nurse
21,b31D271F8c200AB,jacqueline,norton,Female,carias@example.net,819.309.7679x59173,1952-10-09,"scientist, marine"
22,42F4BdA841aBadC,colleen,hatfield,Female,fknox@example.org,638.584.1090,1949-10-14,commercial horticulturist
23,cBbBcA0FCA3C4Bc,randy,barnes,Male,huangbill@example.org,001-960-629-7164x67214,1947-12-30,outdoor activities/education manager
24,f1f89173353aD90,janice,rhodes,Female,juarezdominique@example.net,001-249-314-9742x6996,1999-11-01,drilling engineer
25,c5B09fb33e8bA0A,alfred,mcneil,Female,cassandramorris@example.com,(468)276-9509x53058,1993-05-28,systems analyst
26,c9F2282C40BEC1E,sean,levine,Male,sallymiller@example.net,4915828504,2010-10-09,"conservation officer, nature"
27,9c1bc7EC53Fb7cE,louis,payne,Male,bsullivan@example.net,6232695307,1916-01-29,counsellor
28,ddEc50e2A2e3a2B,brittney,vega,Female,ayalajose@example.net,945-739-8686,1932-10-31,recycling officer
29,66F096D36Ebae11,judy,buckley,Male,irosales@example.net,001-654-208-1241x52830,1963-07-28,art gallery manager
30,F0fE2faAd78F8b5,norman,weber,Male,mconrad@example.com,223.002.0429,1957-05-21,gaffer
31,5d2feAfbdCAA6B5,isaiah,camacho,Female,jimblake@example.org,001-536-544-3367,1966-04-07,food technologist
32,cDa5F303fCd6dEa,jacqueline,gallagher,Male,nsampson@example.net,(247)762-8934,1999-02-25,building services engineer
33,8Ef7DBfcaB02b6B,bonnie,andrews,Female,caitlin24@example.net,+1-253-987-2776x9161,1953-12-21,seismic interpreter
34,6Dec5b5542F8ed8,brandon,schmidt,Female,mconley@example.net,+1-386-673-1465x006,1931-05-12,"engineer, biomedical"
35,3Fb8a7f68e12784,jackson,sparks,Female,reynoldsdarryl@example.net,(137)908-3129x65035,1980-11-18,set designer
36,035eff50B9A0F24,melody,cook,Male,jeannovak@example.org,(826)792-7381,1963-06-25,research scientist (life sciences)
37,aa614aAE4B7Cf0C,leonard,hurst,Male,clinton78@example.org,941-038-0427x38800,1938-03-13,"accountant, chartered management"
38,ACcde95AAe3e6cC,gene,rich,Female,luisdeleon@example.org,+1-356-818-6604x89537,1946-08-22,"surveyor, quantity"
39,b6a35de5CB6fc25,cynthia,wiggins,Female,rosariodave@example.org,(110)858-2437x70190,1984-01-27,outdoor activities/education manager
40,e92A191E345fA3A,tanya,mckinney,Female,vickihouston@example.com,(830)774-9002x086,2003-03-12,information systems manager
41,7D0AcBF6CCac3fd,matthew,stone,Female,evelyn31@example.org,952-381-6360,2017-08-23,"scientist, clinical (histocompatibility and immunogenetics)"
42,CEFA7BBCef013AE,kirk,walsh,Female,stephenfuller@example.org,001-826-496-5529x8661,2009-04-08,accounting technician
43,9edBC94aE7cA22a,willie,vang,Female,haleymathews@example.net,741.168.6854x067,1978-02-02,management consultant
44,fFe7BAA737aDbe2,miguel,hill,Female,tyrone56@example.org,5247842945,1930-08-26,make
45,5F2f3fAca8B0946,darren,andrews,Male,lhernandez@example.com,(975)799-4261,1997-10-04,retail banker
46,6bFcfc3cc1BC6B4,haley,pugh,Female,molly03@example.org,(746)182-6137x2453,1980-09-16,commissioning editor
47,f3BD2cBF7eEb6df,danielle,estrada,Female,jvang@example.org,(890)374-9518x772,1930-07-09,"accountant, chartered management"
48,Ee4eB129dC7913A,becky,brady,Male,erikmueller@example.org,(390)002-0863,1957-06-27,seismic interpreter
49,dBCEf340C3657Eb,caitlyn,frey,Male,rivasdominique@example.org,805-021-3965x46344,1968-01-26,jewellery designer
50,E47FB71DD9ACCd9,joshua,sweeney,Male,daisymcgee@example.net,875.994.2100x535,1954-07-28,"education officer, museum"
51,eA3fDd79BE9f0E7,heidi,escobar,Female,staffordtravis@example.net,601-155-3065x1131,1931-09-25,estate manager/land agent
52,aF0eE4547Bc025c,brian,oconnell,Female,saralong@example.net,952-283-1423x733,1911-10-23,physiotherapist
53,9F5DeD7aD228F5a,beverly,esparza,Female,iphelps@example.net,+1-327-578-8754x6771,1930-12-09,passenger transport manager
54,D3Fa0220dDE4d36,nathaniel,rivas,Female,roberto29@example.com,(655)887-2040x37888,1908-11-17,call centre manager
55,60FdBFd5e7BE8fF,debra,payne,Female,yolanda07@example.org,001-731-525-8400x52593,1927-08-20,special educational needs teacher
56,D8bF5Ab2b98caff,mackenzie,rocha,Female,abbottyvette@example.net,4225525458,1980-10-21,museum/gallery exhibitions officer
57,CD8d33aA25bc8BB,courtney,watkins,Female,ochang@example.org,210.683.2761x5883,2003-12-07,pension scheme manager
58,Fac3BfFf0A3d03c,fred,olsen,Female,amyanderson@example.com,497-774-3053,1910-04-10,archaeologist
59,e552D7ddafe1FFb,ryan,nelson,Female,qnorman@example.org,956.330.2951,1924-05-02,historic buildings inspector/conservation officer
60,0f8deedb629A5f6,grace,phelps,Male,clarkeangela@example.net,(034)867-8827x6777,1909-10-15,petroleum engineer
61,bB9e49E506F65ed,shari,daugherty,Male,kalvarado@example.org,001-951-655-4798x6124,1944-11-24,curator
62,Ed724605A403D91,kelli,garner,Male,jodyvincent@example.org,995.000.4213x0982,2010-01-17,retail banker
63,0aBE5ACb18E0c10,jackie,bennett,Male,hutchinsonkirk@example.com,001-740-937-0846x0087,1915-11-11,neurosurgeon
64,5D2cb63CaAF53f6,leslie,conway,Female,floreschristina@example.org,795.782.4384x555,1983-11-06,chiropractor
65,Ee6974f90eeCe18,harold,barnett,Female,nathan65@example.org,+1-026-265-6392,1943-03-15,"biochemist, clinical"
66,cEf02C076afa07f,larry,harper,Male,maria32@example.org,+1-244-630-3792x4121,2021-05-05,"scientist, water quality"
67,9Df5Ba591bF3EFf,mike,ward,Female,imccullough@example.com,116-729-5046,1967-11-09,hydrologist
68,3faB1CBfEFBDdD4,brittney,rubio,Female,corey92@example.com,593.976.2528,1959-12-24,"biochemist, clinical"
69,Ebcefdf75eCb0a9,frank,pineda,Male,daltoncalvin@example.net,(035)961-5060x9182,1926-03-10,hospital pharmacist
70,e75e5DBfcb68887,sandra,wu,Male,ubanks@example.com,+1-096-606-6454x067,1925-04-28,warehouse manager
71,6a53a8D41dDF6de,ryan,benton,Male,lopezdebbie@example.org,+1-695-557-9948x485,2020-10-06,physiological scientist
72,F0d3bD1aaf9E3Bc,tamara,hull,Male,meagan39@example.net,017.665.3744x7944,1933-01-31,english as a second language teacher
73,5bC87340799FBD0,jean,ritter,Female,kristina76@example.com,(954)060-1066,1985-08-06,financial trader
74,dBfA17Aaf16b4ab,veronica,briggs,Female,weissbridget@example.com,+1-521-589-2387x48490,1974-06-08,structural engineer
75,c935b7Eb6FA0B0F,kim,andrews,Female,wpetersen@example.org,7677125383,1990-11-15,"biochemist, clinical"
76,b3e15e65Ca2CcBf,tina,cunningham,Male,wongmary@example.org,079-907-5051,1956-11-29,race relations officer
77,dade3452F0c32FD,jonathon,atkinson,Male,gailfrench@example.net,874-037-2032x932,2011-07-19,"psychologist, forensic"
78,AdEd6cfD85DeC46,jermaine,reid,Female,vpaul@example.com,(742)214-8691,1974-08-18,newspaper journalist
79,DAf111987098ae4,regina,stevens,Male,xpoole@example.net,891-359-2684,2011-11-28,public house manager
80,6e6a5b885F6496d,terrence,huff,Male,cassandra80@example.org,221.800.6408x5416,1944-02-27,careers information officer
81,12DCb4ED8E01D5C,tyler,foley,Female,johnathan72@example.org,001-386-469-3075x8030,1908-09-19,economist
82,E1cB5cA8CA7CC0a,andrew,waters,Male,nhall@example.net,+1-376-865-2765x3351,1948-05-14,jewellery designer
83,AedDfaE8Cf49F07,reginald,stephenson,Male,erikaball@example.net,+1-832-500-6044x475,2010-02-08,contracting civil engineer
84,bff9853aFAeF772,douglas,reese,Female,nixonvanessa@example.net,001-834-660-8312x9864,1961-11-11,higher education lecturer
85,E883773cA5219Be,helen,williamson,Female,melvin08@example.net,001-377-726-4229,1911-08-11,"lecturer, further education"
86,CB19EafEbBfF9eC,mario,vaughn,Male,oblake@example.com,160-144-5039x12276,1990-07-08,research scientist (life sciences)
87,5834700fbEd2771,chelsea,dickson,Male,johnnyhendricks@example.net,001-698-651-0138x18588,1958-05-13,"teacher, early years/pre"
88,2b0Ab1Dc9E01D7E,dustin,bailey,Male,pbarron@example.net,+1-965-621-1157x345,1908-08-22,travel agency manager
89,3f3a3D89ad042Dd,harry,medina,Female,olsenmalik@example.net,+1-451-099-5805,1947-08-24,technical sales engineer
90,9425E2F38C408ef,kathy,haney,Female,teresa37@example.com,(164)105-8456,1955-09-02,charity fundraiser
91,F0aeC9c2759F3C6,alison,nixon,Female,zmiles@example.net,3506680871,1941-07-10,patent attorney
92,d6EA619A7C4aA95,jamie,hardy,Female,sheenadouglas@example.com,(900)803-9295x11533,1994-07-17,"conservator, furniture"
93,2A33E7Cad1bb0F5,melody,cox,Female,evan90@example.org,(626)520-5080x3511,1974-07-30,dance movement psychotherapist
94,d181FFB7d3E68bb,xavier,cole,Male,nicolas90@example.org,8164259975,1938-11-29,financial planner
95,feaBf8dAE0C0d6F,dillon,guzman,Female,angelanavarro@example.net,971-992-4521,1942-04-01,air broker
96,5eFda7caAeB260E,dennis,barnes,Female,bmartin@example.org,001-095-524-2112x257,1954-07-30,software engineer
97,CCbFce93d3720bE,steve,patterson,Female,latasha46@example.net,001-865-478-5157,1932-04-29,barrister
98,2fEc528aFAF0b69,wesley,bray,Male,regina11@example.org,995-542-3004x76800,1994-12-28,police officer
99,Adc7ad9B6e4A1Fe,summer,oconnell,Female,alexiscantrell@example.org,001-273-685-6932x092,2012-04-12,broadcast journalist
100,b8D0aD3490FC7e1,mariah,bernard,Male,pcopeland@example.org,(341)594-6554x44657,2016-11-15,it sales professional
